date,datatype,station,attributes,value
2020-05-01T00:00:00,PRCP,GHCND:AE000041196,"D,,S,",0.0
2020-05-01T00:00:00,TAVG,GHCND:AE000041196,"H,,S,",35.2
2020-05-01T00:00:00,TMAX,GHCND:AE000041196,",,S,",42.1
2020-05-01T00:00:00,TMIN,GHCND:AE000041196,",,S,",30.0
2020-05-01T00:00:00,PRCP,GHCND:AEM00041194,",,S,",0.0
2020-05-01T00:00:00,TAVG,GHCND:AEM00041194,"H,,S,",35.7
2020-05-01T00:00:00,TMIN,GHCND:AEM00041194,",,S,",30.7
2020-05-01T00:00:00,TAVG,GHCND:AEM00041217,"H,,S,",35.4
2020-05-01T00:00:00,TMAX,GHCND:AEM00041217,",,S,",41.3
2020-05-01T00:00:00,TAVG,GHCND:AEM00041218,"H,,S,",34.3
2020-05-01T00:00:00,TMAX,GHCND:AEM00041218,",,S,",40.7
2020-05-01T00:00:00,PRCP,GHCND:AFM00040938,"B,,S,",18.0
2020-05-01T00:00:00,TAVG,GHCND:AFM00040938,"H,,S,",21.8
2020-05-01T00:00:00,TAVG,GHCND:AFM00040948,"H,,S,",15.8
2020-05-01T00:00:00,PRCP,GHCND:AFM00040990,"B,,S,",0.0
2020-05-01T00:00:00,TAVG,GHCND:AFM00040990,"H,,S,",24.7
2020-05-01T00:00:00,TMAX,GHCND:AFM00040990,",,S,",30.8
2020-05-01T00:00:00,TMIN,GHCND:AFM00040990,",,S,",17.5
2020-05-01T00:00:00,TAVG,GHCND:AG000060390,"H,,S,",18.6
2020-05-01T00:00:00,TMIN,GHCND:AG000060390,",,S,",10.0
2020-05-01T00:00:00,TAVG,GHCND:AG000060590,"H,,S,",27.1
2020-05-01T00:00:00,TMIN,GHCND:AG000060590,",,S,",17.8
2020-05-01T00:00:00,TAVG,GHCND:AG000060611,"H,,S,",26.0
2020-05-01T00:00:00,TMIN,GHCND:AG000060611,",,S,",18.6
2020-05-01T00:00:00,PRCP,GHCND:AGE00147708,",,S,",0.0
2020-05-01T00:00:00,TAVG,GHCND:AGE00147708,"H,,S,",20.4
2020-05-01T00:00:00,TMIN,GHCND:AGE00147708,",,S,",11.4
2020-05-01T00:00:00,PRCP,GHCND:AGE00147716,",,S,",0.0
2020-05-01T00:00:00,TAVG,GHCND:AGE00147716,"H,,S,",20.2
2020-05-01T00:00:00,TMIN,GHCND:AGE00147716,",,S,",14.4
2020-05-01T00:00:00,TAVG,GHCND:AGE00147718,"H,,S,",26.1
2020-05-01T00:00:00,TMIN,GHCND:AGE00147718,",,S,",18.9
2020-05-01T00:00:00,PRCP,GHCND:AGE00147719,",,S,",0.0
2020-05-01T00:00:00,TAVG,GHCND:AGE00147719,"H,,S,",22.6
2020-05-01T00:00:00,TMAX,GHCND:AGE00147719,",,S,",30.6
2020-05-01T00:00:00,PRCP,GHCND:AGM00060351,",,S,",0.0
2020-05-01T00:00:00,TAVG,GHCND:AGM00060351,"H,,S,",18.6
2020-05-01T00:00:00,TMIN,GHCND:AGM00060351,",,S,",11.7
2020-05-01T00:00:00,PRCP,GHCND:AGM00060355,",,S,",0.0
2020-05-01T00:00:00,TAVG,GHCND:AGM00060355,"H,,S,",21.3
2020-05-01T00:00:00,TMIN,GHCND:AGM00060355,",,S,",13.8
2020-05-01T00:00:00,PRCP,GHCND:AGM00060360,",,S,",0.0
2020-05-01T00:00:00,TAVG,GHCND:AGM00060360,"H,,S,",18.6
2020-05-01T00:00:00,TMIN,GHCND:AGM00060360,",,S,",11.5
2020-05-01T00:00:00,TAVG,GHCND:AGM00060369,"H,,S,",22.2
2020-05-01T00:00:00,TMIN,GHCND:AGM00060369,",,S,",17.1
2020-05-01T00:00:00,PRCP,GHCND:AGM00060402,",,S,",0.0
2020-05-01T00:00:00,TAVG,GHCND:AGM00060402,"H,,S,",17.3
2020-05-01T00:00:00,TMIN,GHCND:AGM00060402,",,S,",11.7
2020-05-01T00:00:00,TAVG,GHCND:AGM00060403,"H,,S,",21.5
2020-05-01T00:00:00,TMIN,GHCND:AGM00060403,",,S,",8.8
2020-05-01T00:00:00,TAVG,GHCND:AGM00060419,"H,,S,",16.0
2020-05-01T00:00:00,TMIN,GHCND:AGM00060419,",,S,",7.6
2020-05-01T00:00:00,PRCP,GHCND:AGM00060421,",,S,",0.0
2020-05-01T00:00:00,TAVG,GHCND:AGM00060421,"H,,S,",19.1
2020-05-01T00:00:00,TMIN,GHCND:AGM00060421,",,S,",6.5
2020-05-01T00:00:00,PRCP,GHCND:AGM00060425,",,S,",0.0
2020-05-01T00:00:00,TAVG,GHCND:AGM00060425,"H,,S,",20.2
2020-05-01T00:00:00,TMIN,GHCND:AGM00060425,",,S,",12.9
2020-05-01T00:00:00,PRCP,GHCND:AGM00060437,",,S,",0.0
2020-05-01T00:00:00,TAVG,GHCND:AGM00060437,"H,,S,",15.9
2020-05-01T00:00:00,TMIN,GHCND:AGM00060437,",,S,",9.9
2020-05-01T00:00:00,PRCP,GHCND:AGM00060444,",,S,",0.0
2020-05-01T00:00:00,TAVG,GHCND:AGM00060444,"H,,S,",20.7
2020-05-01T00:00:00,TMIN,GHCND:AGM00060444,",,S,",10.7
2020-05-01T00:00:00,TAVG,GHCND:AGM00060445,"H,,S,",16.2
2020-05-01T00:00:00,TMIN,GHCND:AGM00060445,",,S,",8.4
2020-05-01T00:00:00,PRCP,GHCND:AGM00060452,",,S,",0.0
2020-05-01T00:00:00,TAVG,GHCND:AGM00060452,"H,,S,",21.3
2020-05-01T00:00:00,TMIN,GHCND:AGM00060452,",,S,",16.4
2020-05-01T00:00:00,PRCP,GHCND:AGM00060468,",,S,",0.0
2020-05-01T00:00:00,TAVG,GHCND:AGM00060468,"H,,S,",16.9
2020-05-01T00:00:00,TMIN,GHCND:AGM00060468,",,S,",5.5
2020-05-01T00:00:00,PRCP,GHCND:AGM00060475,",,S,",0.0
2020-05-01T00:00:00,TAVG,GHCND:AGM00060475,"H,,S,",17.8
2020-05-01T00:00:00,TMIN,GHCND:AGM00060475,",,S,",6.9
2020-05-01T00:00:00,PRCP,GHCND:AGM00060490,",,S,",0.0
2020-05-01T00:00:00,TAVG,GHCND:AGM00060490,"H,,S,",19.8
2020-05-01T00:00:00,PRCP,GHCND:AGM00060507,",,S,",0.0
2020-05-01T00:00:00,TAVG,GHCND:AGM00060507,"H,,S,",22.0
2020-05-01T00:00:00,TMIN,GHCND:AGM00060507,",,S,",7.6
2020-05-01T00:00:00,PRCP,GHCND:AGM00060511,",,S,",0.0
2020-05-01T00:00:00,TAVG,GHCND:AGM00060511,"H,,S,",14.4
2020-05-01T00:00:00,TMIN,GHCND:AGM00060511,",,S,",5.5
2020-05-01T00:00:00,TAVG,GHCND:AGM00060514,"H,,S,",20.3
2020-05-01T00:00:00,TMIN,GHCND:AGM00060514,",,S,",9.1
2020-05-01T00:00:00,PRCP,GHCND:AGM00060515,",,S,",0.0
2020-05-01T00:00:00,TAVG,GHCND:AGM00060515,"H,,S,",25.0
2020-05-01T00:00:00,TMIN,GHCND:AGM00060515,",,S,",16.0
2020-05-01T00:00:00,TAVG,GHCND:AGM00060518,"H,,S,",21.3
2020-05-01T00:00:00,TMIN,GHCND:AGM00060518,",,S,",16.2
2020-05-01T00:00:00,TAVG,GHCND:AGM00060520,"H,,S,",20.3
2020-05-01T00:00:00,TMIN,GHCND:AGM00060520,",,S,",7.4
2020-05-01T00:00:00,TAVG,GHCND:AGM00060522,"H,,S,",21.3
2020-05-01T00:00:00,TMIN,GHCND:AGM00060522,",,S,",9.9
2020-05-01T00:00:00,PRCP,GHCND:AGM00060531,",,S,",0.0
2020-05-01T00:00:00,TAVG,GHCND:AGM00060531,"H,,S,",21.9
2020-05-01T00:00:00,TAVG,GHCND:AGM00060535,"H,,S,",18.3
2020-05-01T00:00:00,TMIN,GHCND:AGM00060535,",,S,",8.9
2020-05-01T00:00:00,TAVG,GHCND:AGM00060536,"H,,S,",20.7
2020-05-01T00:00:00,TMIN,GHCND:AGM00060536,",,S,",6.8
2020-05-01T00:00:00,TAVG,GHCND:AGM00060549,"H,,S,",21.2
2020-05-01T00:00:00,TMIN,GHCND:AGM00060549,",,S,",12.8
2020-05-01T00:00:00,PRCP,GHCND:AGM00060550,",,S,",0.0
2020-05-01T00:00:00,TAVG,GHCND:AGM00060550,"H,,S,",20.9
2020-05-01T00:00:00,TMIN,GHCND:AGM00060550,",,S,",7.6
2020-05-01T00:00:00,PRCP,GHCND:AGM00060555,",,S,",0.0
2020-05-01T00:00:00,TAVG,GHCND:AGM00060555,"H,,S,",25.4
2020-05-01T00:00:00,TMIN,GHCND:AGM00060555,",,S,",13.6
2020-05-01T00:00:00,TAVG,GHCND:AGM00060557,"H,,S,",22.1
2020-05-01T00:00:00,TMIN,GHCND:AGM00060557,",,S,",11.1
2020-05-01T00:00:00,TAVG,GHCND:AGM00060559,"H,,S,",25.7
2020-05-01T00:00:00,TMIN,GHCND:AGM00060559,",,S,",16.7
2020-05-01T00:00:00,PRCP,GHCND:AGM00060566,",,S,",0.0
2020-05-01T00:00:00,TAVG,GHCND:AGM00060566,"H,,S,",26.4
2020-05-01T00:00:00,TMIN,GHCND:AGM00060566,",,S,",18.0
2020-05-01T00:00:00,TAVG,GHCND:AGM00060571,"H,,S,",25.8
2020-05-01T00:00:00,PRCP,GHCND:AGM00060580,",,S,",0.0
2020-05-01T00:00:00,TAVG,GHCND:AGM00060580,"H,,S,",27.2
2020-05-01T00:00:00,TMIN,GHCND:AGM00060580,",,S,",16.5
2020-05-01T00:00:00,TAVG,GHCND:AGM00060581,"H,,S,",27.8
2020-05-01T00:00:00,TMIN,GHCND:AGM00060581,",,S,",17.7
2020-05-01T00:00:00,PRCP,GHCND:AGM00060602,",,S,",0.0
2020-05-01T00:00:00,TAVG,GHCND:AGM00060602,"H,,S,",30.9
2020-05-01T00:00:00,TMIN,GHCND:AGM00060602,",,S,",24.4
2020-05-01T00:00:00,PRCP,GHCND:AGM00060603,",,S,",0.0
2020-05-01T00:00:00,TAVG,GHCND:AGM00060603,"H,,S,",29.8
2020-05-01T00:00:00,TMIN,GHCND:AGM00060603,",,S,",20.7
2020-05-01T00:00:00,PRCP,GHCND:AGM00060607,",,S,",0.0
2020-05-01T00:00:00,TAVG,GHCND:AGM00060607,"H,,S,",29.1
2020-05-01T00:00:00,TMIN,GHCND:AGM00060607,",,S,",23.0
2020-05-01T00:00:00,TAVG,GHCND:AGM00060620,"H,,S,",30.3
2020-05-01T00:00:00,TMIN,GHCND:AGM00060620,",,S,",25.0
2020-05-01T00:00:00,TAVG,GHCND:AGM00060640,"H,,S,",28.5
2020-05-01T00:00:00,TAVG,GHCND:AGM00060656,"H,,S,",26.8
2020-05-01T00:00:00,TMIN,GHCND:AGM00060656,",,S,",17.0
2020-05-01T00:00:00,TAVG,GHCND:AGM00060670,"H,,S,",29.4
2020-05-01T00:00:00,TMIN,GHCND:AGM00060670,",,S,",19.3
2020-05-01T00:00:00,TAVG,GHCND:AGM00060690,"H,,S,",38.5
2020-05-01T00:00:00,TMIN,GHCND:AGM00060690,",,S,",30.2
2020-05-01T00:00:00,PRCP,GHCND:AJ000037575,",,S,",0.0
2020-05-01T00:00:00,TAVG,GHCND:AJ000037575,"H,,S,",18.1
2020-05-01T00:00:00,TMAX,GHCND:AJ000037575,",,S,",25.0
2020-05-01T00:00:00,TMIN,GHCND:AJ000037575,",,S,",11.4
2020-05-01T00:00:00,PRCP,GHCND:AJ000037675,",,S,",0.0
2020-05-01T00:00:00,TAVG,GHCND:AJ000037675,"H,,S,",15.0
2020-05-01T00:00:00,TMAX,GHCND:AJ000037675,",,S,",21.4
2020-05-01T00:00:00,TMIN,GHCND:AJ000037675,",,S,",9.8
2020-05-01T00:00:00,PRCP,GHCND:AJ000037735,",,S,",0.0
2020-05-01T00:00:00,TAVG,GHCND:AJ000037735,"H,,S,",17.4
2020-05-01T00:00:00,TMAX,GHCND:AJ000037735,",,S,",24.1
2020-05-01T00:00:00,TMIN,GHCND:AJ000037735,",,S,",11.1
2020-05-01T00:00:00,TAVG,GHCND:AJ000037747,"H,,S,",20.6
2020-05-01T00:00:00,PRCP,GHCND:AJ000037749,",,S,",0.0
2020-05-01T00:00:00,TAVG,GHCND:AJ000037749,"H,,S,",17.4
2020-05-01T00:00:00,TMAX,GHCND:AJ000037749,",,S,",24.8
2020-05-01T00:00:00,TMIN,GHCND:AJ000037749,",,S,",10.7
2020-05-01T00:00:00,PRCP,GHCND:AJ000037756,",,S,",0.0
2020-05-01T00:00:00,TAVG,GHCND:AJ000037756,"H,,S,",13.2
2020-05-01T00:00:00,TMAX,GHCND:AJ000037756,",,S,",20.8
2020-05-01T00:00:00,TMIN,GHCND:AJ000037756,",,S,",6.4
2020-05-01T00:00:00,PRCP,GHCND:AJ000037985,",,S,",0.0
2020-05-01T00:00:00,TAVG,GHCND:AJ000037985,"H,,S,",16.1
2020-05-01T00:00:00,TMIN,GHCND:AJ000037985,",,S,",9.3
2020-05-01T00:00:00,TAVG,GHCND:ALM00013615,"H,,S,",16.6
2020-05-01T00:00:00,TMAX,GHCND:ALM00013615,",,S,",23.3
2020-05-01T00:00:00,TMIN,GHCND:ALM00013615,",,S,",9.5
2020-05-01T00:00:00,PRCP,GHCND:AM000037682,",,S,",1.3
2020-05-01T00:00:00,TAVG,GHCND:AM000037682,"H,,S,",6.8
2020-05-01T00:00:00,TMAX,GHCND:AM000037682,",,S,",13.3
2020-05-01T00:00:00,TMIN,GHCND:AM000037682,",,S,",1.4
2020-05-01T00:00:00,PRCP,GHCND:AM000037699,",,S,",0.0
2020-05-01T00:00:00,TAVG,GHCND:AM000037699,"H,,S,",7.7
2020-05-01T00:00:00,TMAX,GHCND:AM000037699,",,S,",14.5
2020-05-01T00:00:00,TMIN,GHCND:AM000037699,",,S,",1.6
2020-05-01T00:00:00,PRCP,GHCND:AM000037704,"B,,S,",1.5
2020-05-01T00:00:00,TAVG,GHCND:AM000037704,"H,,S,",11.3
2020-05-01T00:00:00,TMAX,GHCND:AM000037704,",,S,",18.2
2020-05-01T00:00:00,TMIN,GHCND:AM000037704,",,S,",3.8
2020-05-01T00:00:00,PRCP,GHCND:AM000037711,",,S,",0.0
2020-05-01T00:00:00,TAVG,GHCND:AM000037711,"H,,S,",14.4
2020-05-01T00:00:00,TMAX,GHCND:AM000037711,",,S,",21.0
2020-05-01T00:00:00,TMIN,GHCND:AM000037711,",,S,",9.3
2020-05-01T00:00:00,PRCP,GHCND:AM000037787,",,S,",0.0
2020-05-01T00:00:00,TAVG,GHCND:AM000037787,"H,,S,",12.8
2020-05-01T00:00:00,TMAX,GHCND:AM000037787,",,S,",22.5
2020-05-01T00:00:00,TMIN,GHCND:AM000037787,",,S,",8.0
2020-05-01T00:00:00,PRCP,GHCND:AM000037792,",,S,",0.0
2020-05-01T00:00:00,TAVG,GHCND:AM000037792,"H,,S,",8.1
2020-05-01T00:00:00,TMAX,GHCND:AM000037792,",,S,",16.0
2020-05-01T00:00:00,TMIN,GHCND:AM000037792,",,S,",1.5
2020-05-01T00:00:00,PRCP,GHCND:AM000037801,",,S,",0.0
2020-05-01T00:00:00,TAVG,GHCND:AM000037801,"H,,S,",7.2
2020-05-01T00:00:00,TMAX,GHCND:AM000037801,",,S,",15.5
2020-05-01T00:00:00,TMIN,GHCND:AM000037801,",,S,",-1.5
2020-05-01T00:00:00,PRCP,GHCND:AM000037897,",,S,",0.0
2020-05-01T00:00:00,TAVG,GHCND:AM000037897,"H,,S,",8.4
2020-05-01T00:00:00,TMAX,GHCND:AM000037897,",,S,",19.5
2020-05-01T00:00:00,TMIN,GHCND:AM000037897,",,S,",0.8
2020-05-01T00:00:00,PRCP,GHCND:AM000037959,",,S,",0.0
2020-05-01T00:00:00,TAVG,GHCND:AM000037959,"H,,S,",13.8
2020-05-01T00:00:00,TMAX,GHCND:AM000037959,",,S,",23.1
2020-05-01T00:00:00,TMIN,GHCND:AM000037959,",,S,",6.8
2020-05-01T00:00:00,PRCP,GHCND:AMM00037717,",,S,",0.0
2020-05-01T00:00:00,TAVG,GHCND:AMM00037717,"H,,S,",8.5
2020-05-01T00:00:00,TMAX,GHCND:AMM00037717,",,S,",15.4
2020-05-01T00:00:00,TMIN,GHCND:AMM00037717,",,S,",3.0
2020-05-01T00:00:00,TAVG,GHCND:AO000066160,"H,,S,",27.0
2020-05-01T00:00:00,TAVG,GHCND:AO000066390,"H,,S,",23.8
2020-05-01T00:00:00,PRCP,GHCND:AQC00914000,",,7,1000",16.8
2020-05-01T00:00:00,PRCP,GHCND:AQC00914141,",,7,",2.5
2020-05-01T00:00:00,PRCP,GHCND:AQC00914594,",,7,",8.1
2020-05-01T00:00:00,ADPT,GHCND:AQW00061705,",,W,",244.0
2020-05-01T00:00:00,ASLP,GHCND:AQW00061705,",,W,",10095.0
2020-05-01T00:00:00,ASTP,GHCND:AQW00061705,",,W,",10091.0
2020-05-01T00:00:00,AWBT,GHCND:AQW00061705,",,W,",250.0
2020-05-01T00:00:00,AWND,GHCND:AQW00061705,",,W,",1.4
2020-05-01T00:00:00,PRCP,GHCND:AQW00061705,",,W,2400",41.9
2020-05-01T00:00:00,RHAV,GHCND:AQW00061705,",,W,",88.0
2020-05-01T00:00:00,RHMN,GHCND:AQW00061705,",,W,",75.0
2020-05-01T00:00:00,RHMX,GHCND:AQW00061705,",,W,",93.0
2020-05-01T00:00:00,TAVG,GHCND:AQW00061705,"H,,S,",27.3
2020-05-01T00:00:00,TMAX,GHCND:AQW00061705,",,W,2400",30.9
2020-05-01T00:00:00,TMIN,GHCND:AQW00061705,",,W,2400",24.8
2020-05-01T00:00:00,WDF2,GHCND:AQW00061705,",,W,",120.0
2020-05-01T00:00:00,WSF2,GHCND:AQW00061705,",,W,",4.1
2020-05-01T00:00:00,TAVG,GHCND:AR000000011,"H,,S,",20.2
2020-05-01T00:00:00,TMIN,GHCND:AR000000011,",,S,",14.0
2020-05-01T00:00:00,TAVG,GHCND:AR000087007,"H,,S,",11.4
2020-05-01T00:00:00,TMAX,GHCND:AR000087007,",,S,",22.3
2020-05-01T00:00:00,TMIN,GHCND:AR000087007,",,S,",2.1
2020-05-01T00:00:00,TAVG,GHCND:AR000087078,"H,,S,",23.1
2020-05-01T00:00:00,TMAX,GHCND:AR000087078,",,S,",31.5
2020-05-01T00:00:00,TMIN,GHCND:AR000087078,",,S,",20.0
2020-05-01T00:00:00,TAVG,GHCND:AR000087129,"H,,S,",20.1
2020-05-01T00:00:00,TMIN,GHCND:AR000087129,",,S,",17.0
2020-05-01T00:00:00,PRCP,GHCND:AR000087155,",,S,",25.9
2020-05-01T00:00:00,TAVG,GHCND:AR000087155,"H,,S,",18.4
2020-05-01T00:00:00,TMAX,GHCND:AR000087155,",,S,",28.7
2020-05-01T00:00:00,TMIN,GHCND:AR000087155,",,S,",14.0
2020-05-01T00:00:00,TAVG,GHCND:AR000087217,"H,,S,",19.1
2020-05-01T00:00:00,TMIN,GHCND:AR000087217,",,S,",12.2
2020-05-01T00:00:00,TAVG,GHCND:AR000087257,"H,,S,",19.5
2020-05-01T00:00:00,TMIN,GHCND:AR000087257,",,S,",13.5
2020-05-01T00:00:00,PRCP,GHCND:AR000087270,",,S,",0.3
2020-05-01T00:00:00,TAVG,GHCND:AR000087270,"H,,S,",19.7
2020-05-01T00:00:00,TMAX,GHCND:AR000087270,",,S,",25.9
2020-05-01T00:00:00,TMIN,GHCND:AR000087270,",,S,",14.4
2020-05-01T00:00:00,TAVG,GHCND:AR000087344,"H,,S,",16.3
2020-05-01T00:00:00,TMIN,GHCND:AR000087344,",,S,",8.9
2020-05-01T00:00:00,TAVG,GHCND:AR000087374,"H,,S,",18.1
2020-05-01T00:00:00,TMIN,GHCND:AR000087374,",,S,",13.5
2020-05-01T00:00:00,TAVG,GHCND:AR000087418,"H,,S,",16.7
2020-05-01T00:00:00,TMAX,GHCND:AR000087418,",,S,",23.5
2020-05-01T00:00:00,TMIN,GHCND:AR000087418,",,S,",10.5
2020-05-01T00:00:00,TAVG,GHCND:AR000087534,"H,,S,",14.3
2020-05-01T00:00:00,TMAX,GHCND:AR000087534,",,S,",25.4
2020-05-01T00:00:00,TMIN,GHCND:AR000087534,",,S,",7.1
2020-05-01T00:00:00,TAVG,GHCND:AR000087623,"H,,S,",13.5
2020-05-01T00:00:00,TMAX,GHCND:AR000087623,",,S,",22.5
2020-05-01T00:00:00,TMIN,GHCND:AR000087623,",,S,",8.4
2020-05-01T00:00:00,TAVG,GHCND:AR000087692,"H,,S,",12.1
2020-05-01T00:00:00,TMAX,GHCND:AR000087692,",,S,",17.8
2020-05-01T00:00:00,TMIN,GHCND:AR000087692,",,S,",6.8
2020-05-01T00:00:00,TAVG,GHCND:AR000087715,"H,,S,",11.3
2020-05-01T00:00:00,TMAX,GHCND:AR000087715,",,S,",22.6
2020-05-01T00:00:00,TMIN,GHCND:AR000087715,",,S,",2.8
2020-05-01T00:00:00,PRCP,GHCND:AR000087803,",,S,",0.0
2020-05-01T00:00:00,TAVG,GHCND:AR000087803,"H,,S,",6.6
2020-05-01T00:00:00,TMAX,GHCND:AR000087803,",,S,",14.4
2020-05-01T00:00:00,TMIN,GHCND:AR000087803,",,S,",0.5
2020-05-01T00:00:00,PRCP,GHCND:AR000087828,",,S,",0.5
2020-05-01T00:00:00,TAVG,GHCND:AR000087828,"H,,S,",9.9
2020-05-01T00:00:00,TMAX,GHCND:AR000087828,",,S,",17.0
2020-05-01T00:00:00,TMIN,GHCND:AR000087828,",,S,",2.9
2020-05-01T00:00:00,TAVG,GHCND:AR000087860,"H,,S,",10.7
2020-05-01T00:00:00,TMAX,GHCND:AR000087860,",,S,",16.3
2020-05-01T00:00:00,TMIN,GHCND:AR000087860,",,S,",7.0
2020-05-01T00:00:00,PRCP,GHCND:AR000087925,",,S,",0.0
2020-05-01T00:00:00,TAVG,GHCND:AR000087925,"H,,S,",6.2
2020-05-01T00:00:00,TMAX,GHCND:AR000087925,",,S,",14.2
2020-05-01T00:00:00,TMIN,GHCND:AR000087925,",,S,",-0.5
2020-05-01T00:00:00,TAVG,GHCND:AR000870470,"H,,S,",16.7
2020-05-01T00:00:00,TMIN,GHCND:AR000870470,",,S,",10.4
2020-05-01T00:00:00,TAVG,GHCND:AR000875440,"H,,S,",15.1
2020-05-01T00:00:00,TMAX,GHCND:AR000875440,",,S,",22.6
2020-05-01T00:00:00,TMIN,GHCND:AR000875440,",,S,",9.5
2020-05-01T00:00:00,TAVG,GHCND:AR000875850,"H,,S,",16.9
2020-05-01T00:00:00,TMAX,GHCND:AR000875850,",,S,",22.5
2020-05-01T00:00:00,TMIN,GHCND:AR000875850,",,S,",12.5
2020-05-01T00:00:00,PRCP,GHCND:AR000877500,",,S,",2.0
2020-05-01T00:00:00,TAVG,GHCND:AR000877500,"H,,S,",12.7
2020-05-01T00:00:00,TMIN,GHCND:AR000877500,",,S,",8.3
2020-05-01T00:00:00,PRCP,GHCND:ARM00087016,",,S,",1.0
2020-05-01T00:00:00,TAVG,GHCND:ARM00087016,"H,,S,",19.0
2020-05-01T00:00:00,TMAX,GHCND:ARM00087016,",,S,",20.6
2020-05-01T00:00:00,TMIN,GHCND:ARM00087016,",,S,",18.0
2020-05-01T00:00:00,PRCP,GHCND:ARM00087022,",,S,",0.5
2020-05-01T00:00:00,TAVG,GHCND:ARM00087022,"H,,S,",17.7
2020-05-01T00:00:00,TMAX,GHCND:ARM00087022,",,S,",19.5
2020-05-01T00:00:00,TMIN,GHCND:ARM00087022,",,S,",16.5
2020-05-01T00:00:00,PRCP,GHCND:ARM00087046,",,S,",0.0
2020-05-01T00:00:00,TAVG,GHCND:ARM00087046,"H,,S,",17.4
2020-05-01T00:00:00,TMIN,GHCND:ARM00087046,",,S,",13.0
2020-05-01T00:00:00,TAVG,GHCND:ARM00087121,"H,,S,",18.6
2020-05-01T00:00:00,TMIN,GHCND:ARM00087121,",,S,",13.0
2020-05-01T00:00:00,TAVG,GHCND:ARM00087148,"H,,S,",18.3
2020-05-01T00:00:00,TMAX,GHCND:ARM00087148,",,S,",25.9
2020-05-01T00:00:00,PRCP,GHCND:ARM00087162,",,S,",1.0
2020-05-01T00:00:00,TAVG,GHCND:ARM00087162,"H,,S,",19.1
2020-05-01T00:00:00,TMAX,GHCND:ARM00087162,",,S,",32.3
2020-05-01T00:00:00,TMIN,GHCND:ARM00087162,",,S,",15.8
2020-05-01T00:00:00,PRCP,GHCND:ARM00087166,",,S,",10.9
2020-05-01T00:00:00,TAVG,GHCND:ARM00087166,"H,,S,",18.1
2020-05-01T00:00:00,TMAX,GHCND:ARM00087166,",,S,",27.7
2020-05-01T00:00:00,TAVG,GHCND:ARM00087178,"H,,S,",20.7
2020-05-01T00:00:00,TMAX,GHCND:ARM00087178,",,S,",30.1
2020-05-01T00:00:00,TAVG,GHCND:ARM00087222,"H,,S,",20.7
2020-05-01T00:00:00,TMAX,GHCND:ARM00087222,",,S,",28.0
2020-05-01T00:00:00,TMIN,GHCND:ARM00087222,",,S,",12.8
2020-05-01T00:00:00,TAVG,GHCND:ARM00087244,"H,,S,",17.8
2020-05-01T00:00:00,TMIN,GHCND:ARM00087244,",,S,",11.5
2020-05-01T00:00:00,PRCP,GHCND:ARM00087289,",,S,",0.0
2020-05-01T00:00:00,TAVG,GHCND:ARM00087289,"H,,S,",20.0
2020-05-01T00:00:00,TMIN,GHCND:ARM00087289,",,S,",14.5
2020-05-01T00:00:00,TAVG,GHCND:ARM00087311,"H,,S,",17.3
2020-05-01T00:00:00,TMAX,GHCND:ARM00087311,",,S,",25.2
2020-05-01T00:00:00,TAVG,GHCND:ARM00087320,"H,,S,",20.6
2020-05-01T00:00:00,TMIN,GHCND:ARM00087320,",,S,",10.2
2020-05-01T00:00:00,TAVG,GHCND:ARM00087328,"H,,S,",18.1
2020-05-01T00:00:00,TMIN,GHCND:ARM00087328,",,S,",8.0
2020-05-01T00:00:00,TAVG,GHCND:ARM00087349,"H,,S,",18.4
2020-05-01T00:00:00,TMIN,GHCND:ARM00087349,",,S,",9.5
2020-05-01T00:00:00,TAVG,GHCND:ARM00087395,"H,,S,",18.1
2020-05-01T00:00:00,TMIN,GHCND:ARM00087395,",,S,",13.3
2020-05-01T00:00:00,TAVG,GHCND:ARM00087416,"H,,S,",17.2
2020-05-01T00:00:00,TMAX,GHCND:ARM00087416,",,S,",25.0
2020-05-01T00:00:00,TMIN,GHCND:ARM00087416,",,S,",10.8
2020-05-01T00:00:00,TAVG,GHCND:ARM00087420,"H,,S,",15.7
2020-05-01T00:00:00,TMIN,GHCND:ARM00087420,",,S,",8.8
2020-05-01T00:00:00,TAVG,GHCND:ARM00087436,"H,,S,",17.9
2020-05-01T00:00:00,TMAX,GHCND:ARM00087436,",,S,",24.4
2020-05-01T00:00:00,TMIN,GHCND:ARM00087436,",,S,",8.8
2020-05-01T00:00:00,TAVG,GHCND:ARM00087448,"H,,S,",12.8
2020-05-01T00:00:00,TMAX,GHCND:ARM00087448,",,S,",25.6
2020-05-01T00:00:00,TMIN,GHCND:ARM00087448,",,S,",6.3
2020-05-01T00:00:00,TAVG,GHCND:ARM00087453,"H,,S,",15.1
2020-05-01T00:00:00,TMAX,GHCND:ARM00087453,",,S,",25.4
2020-05-01T00:00:00,TMIN,GHCND:ARM00087453,",,S,",9.6
2020-05-01T00:00:00,TAVG,GHCND:ARM00087467,"H,,S,",18.5
2020-05-01T00:00:00,TMIN,GHCND:ARM00087467,",,S,",9.3
2020-05-01T00:00:00,TAVG,GHCND:ARM00087480,"H,,S,",17.1
2020-05-01T00:00:00,TAVG,GHCND:ARM00087497,"H,,S,",18.2
2020-05-01T00:00:00,TMIN,GHCND:ARM00087497,",,S,",9.8
2020-05-01T00:00:00,TAVG,GHCND:ARM00087506,"H,,S,",10.3
2020-05-01T00:00:00,TMAX,GHCND:ARM00087506,",,S,",20.6
2020-05-01T00:00:00,TMIN,GHCND:ARM00087506,",,S,",0.5
2020-05-01T00:00:00,TAVG,GHCND:ARM00087509,"H,,S,",12.5
2020-05-01T00:00:00,TMAX,GHCND:ARM00087509,",,S,",24.2
2020-05-01T00:00:00,TMIN,GHCND:ARM00087509,",,S,",5.6
2020-05-01T00:00:00,TAVG,GHCND:ARM00087532,"H,,S,",14.4
2020-05-01T00:00:00,TMAX,GHCND:ARM00087532,",,S,",25.2
2020-05-01T00:00:00,TMIN,GHCND:ARM00087532,",,S,",7.4
2020-05-01T00:00:00,TAVG,GHCND:ARM00087548,"H,,S,",15.1
2020-05-01T00:00:00,TMAX,GHCND:ARM00087548,",,S,",23.5
2020-05-01T00:00:00,TMIN,GHCND:ARM00087548,",,S,",9.3
2020-05-01T00:00:00,TAVG,GHCND:ARM00087563,"H,,S,",14.6
2020-05-01T00:00:00,TMAX,GHCND:ARM00087563,",,S,",19.5
2020-05-01T00:00:00,TMIN,GHCND:ARM00087563,",,S,",9.6
2020-05-01T00:00:00,TAVG,GHCND:ARM00087576,"H,,S,",14.9
2020-05-01T00:00:00,TMAX,GHCND:ARM00087576,",,S,",20.8
2020-05-01T00:00:00,TMIN,GHCND:ARM00087576,",,S,",8.7
2020-05-01T00:00:00,TAVG,GHCND:ARM00087582,"H,,S,",17.2
2020-05-01T00:00:00,TMIN,GHCND:ARM00087582,",,S,",13.8
2020-05-01T00:00:00,TAVG,GHCND:ARM00087593,"H,,S,",15.9
2020-05-01T00:00:00,TMAX,GHCND:ARM00087593,",,S,",20.0
2020-05-01T00:00:00,TMIN,GHCND:ARM00087593,",,S,",9.5
2020-05-01T00:00:00,TAVG,GHCND:ARM00087596,"H,,S,",17.1
2020-05-01T00:00:00,TMIN,GHCND:ARM00087596,",,S,",11.5
2020-05-01T00:00:00,TAVG,GHCND:ARM00087640,"H,,S,",15.0
2020-05-01T00:00:00,TMAX,GHCND:ARM00087640,",,S,",22.0
2020-05-01T00:00:00,TMIN,GHCND:ARM00087640,",,S,",8.5
2020-05-01T00:00:00,TAVG,GHCND:ARM00087641,"H,,S,",12.7
2020-05-01T00:00:00,TMAX,GHCND:ARM00087641,",,S,",20.4
2020-05-01T00:00:00,TMIN,GHCND:ARM00087641,",,S,",8.6
2020-05-01T00:00:00,TAVG,GHCND:ARM00087643,"H,,S,",14.0
2020-05-01T00:00:00,TMAX,GHCND:ARM00087643,",,S,",20.5
2020-05-01T00:00:00,TMIN,GHCND:ARM00087643,",,S,",9.1
2020-05-01T00:00:00,PRCP,GHCND:ARM00087645,",,S,",6.1
2020-05-01T00:00:00,TAVG,GHCND:ARM00087645,"H,,S,",11.6
2020-05-01T00:00:00,TMAX,GHCND:ARM00087645,",,S,",19.2
2020-05-01T00:00:00,TMIN,GHCND:ARM00087645,",,S,",6.0
2020-05-01T00:00:00,PRCP,GHCND:ARM00087648,",,S,",8.9
2020-05-01T00:00:00,TAVG,GHCND:ARM00087648,"H,,S,",13.0
2020-05-01T00:00:00,TMAX,GHCND:ARM00087648,",,S,",19.7
2020-05-01T00:00:00,TMIN,GHCND:ARM00087648,",,S,",7.1
2020-05-01T00:00:00,PRCP,GHCND:ARM00087688,",,S,",3.0
2020-05-01T00:00:00,TAVG,GHCND:ARM00087688,"H,,S,",13.7
2020-05-01T00:00:00,TMAX,GHCND:ARM00087688,",,S,",21.3
2020-05-01T00:00:00,TMIN,GHCND:ARM00087688,",,S,",7.9
2020-05-01T00:00:00,TAVG,GHCND:ARM00087765,"H,,S,",7.9
2020-05-01T00:00:00,TMAX,GHCND:ARM00087765,",,S,",16.7
2020-05-01T00:00:00,TMIN,GHCND:ARM00087765,",,S,",2.2
2020-05-01T00:00:00,TAVG,GHCND:ARM00087774,"H,,S,",4.8
2020-05-01T00:00:00,TMAX,GHCND:ARM00087774,",,S,",15.0
2020-05-01T00:00:00,TMIN,GHCND:ARM00087774,",,S,",-5.7
2020-05-01T00:00:00,TAVG,GHCND:ARM00087784,"H,,S,",12.6
2020-05-01T00:00:00,TMAX,GHCND:ARM00087784,",,S,",19.5
2020-05-01T00:00:00,TMIN,GHCND:ARM00087784,",,S,",7.8
2020-05-01T00:00:00,TAVG,GHCND:ARM00087791,"H,,S,",14.1
2020-05-01T00:00:00,TMAX,GHCND:ARM00087791,",,S,",20.0
2020-05-01T00:00:00,TMIN,GHCND:ARM00087791,",,S,",9.2
2020-05-01T00:00:00,TAVG,GHCND:ARM00087800,"H,,S,",8.6
2020-05-01T00:00:00,TMAX,GHCND:ARM00087800,",,S,",17.5
2020-05-01T00:00:00,TMIN,GHCND:ARM00087800,",,S,",2.8
2020-05-01T00:00:00,TAVG,GHCND:ARM00087852,"H,,S,",7.2
2020-05-01T00:00:00,TMAX,GHCND:ARM00087852,",,S,",13.5
2020-05-01T00:00:00,TMIN,GHCND:ARM00087852,",,S,",-0.5
2020-05-01T00:00:00,PRCP,GHCND:ARM00087896,",,S,",0.0
2020-05-01T00:00:00,TAVG,GHCND:ARM00087896,"H,,S,",10.6
2020-05-01T00:00:00,TMAX,GHCND:ARM00087896,",,S,",14.6
2020-05-01T00:00:00,TMIN,GHCND:ARM00087896,",,S,",6.2
2020-05-01T00:00:00,PRCP,GHCND:ARM00087904,",,S,",0.0
2020-05-01T00:00:00,TAVG,GHCND:ARM00087904,"H,,S,",4.7
2020-05-01T00:00:00,TMAX,GHCND:ARM00087904,",,S,",13.4
2020-05-01T00:00:00,TMIN,GHCND:ARM00087904,",,S,",-0.8
2020-05-01T00:00:00,TAVG,GHCND:ARM00087909,"H,,S,",11.9
2020-05-01T00:00:00,TMIN,GHCND:ARM00087909,",,S,",4.8
2020-05-01T00:00:00,PRCP,GHCND:ARM00087934,",,S,",0.0
2020-05-01T00:00:00,TAVG,GHCND:ARM00087934,"H,,S,",5.7
2020-05-01T00:00:00,TMAX,GHCND:ARM00087934,",,S,",11.7
2020-05-01T00:00:00,TMIN,GHCND:ARM00087934,",,S,",1.3
2020-05-01T00:00:00,PRCP,GHCND:ARM00087938,",,S,",1.0
2020-05-01T00:00:00,TAVG,GHCND:ARM00087938,"H,,S,",5.1
2020-05-01T00:00:00,TMAX,GHCND:ARM00087938,",,S,",9.6
2020-05-01T00:00:00,TMIN,GHCND:ARM00087938,",,S,",3.5
2020-05-01T00:00:00,TAVG,GHCND:ASM00094299,"H,,S,",26.3
2020-05-01T00:00:00,TMAX,GHCND:ASM00094299,",,S,",29.3
2020-05-01T00:00:00,PRCP,GHCND:ASM00094995,",,S,",0.5
2020-05-01T00:00:00,TAVG,GHCND:ASM00094995,"H,,S,",20.1
2020-05-01T00:00:00,TMAX,GHCND:ASM00094995,",,S,",24.3
2020-05-01T00:00:00,TMIN,GHCND:ASM00094995,",,S,",19.0
2020-05-01T00:00:00,TAVG,GHCND:ASM00094998,"H,,S,",4.1
2020-05-01T00:00:00,PRCP,GHCND:ASN00001006,",,a,",0.0
2020-05-01T00:00:00,TMAX,GHCND:ASN00001006,",,a,",35.3
2020-05-01T00:00:00,TMIN,GHCND:ASN00001006,",,a,",24.0
2020-05-01T00:00:00,PRCP,GHCND:ASN00001007,",,a,",0.0
2020-05-01T00:00:00,TMAX,GHCND:ASN00001007,",,a,",34.5
2020-05-01T00:00:00,TMIN,GHCND:ASN00001007,",,a,",28.8
2020-05-01T00:00:00,PRCP,GHCND:ASN00001010,",,a,",0.0
2020-05-01T00:00:00,PRCP,GHCND:ASN00001013,",,a,",0.0
2020-05-01T00:00:00,PRCP,GHCND:ASN00001018,",,a,",0.0
2020-05-01T00:00:00,TMAX,GHCND:ASN00001018,",,a,",33.5
2020-05-01T00:00:00,TMIN,GHCND:ASN00001018,",,a,",14.5
2020-05-01T00:00:00,PRCP,GHCND:ASN00001019,",,a,",0.0
2020-05-01T00:00:00,TAVG,GHCND:ASN00001019,"H,,S,",27.7
2020-05-01T00:00:00,TMAX,GHCND:ASN00001019,",,a,",35.4
2020-05-01T00:00:00,TMIN,GHCND:ASN00001019,",,a,",19.5
2020-05-01T00:00:00,PRCP,GHCND:ASN00001020,",,a,",0.0
2020-05-01T00:00:00,TMAX,GHCND:ASN00001020,",,a,",34.5
2020-05-01T00:00:00,TMIN,GHCND:ASN00001020,",,a,",23.5
2020-05-01T00:00:00,PRCP,GHCND:ASN00001023,",,a,",0.0
2020-05-01T00:00:00,PRCP,GHCND:ASN00001024,",,a,",0.0
2020-05-01T00:00:00,PRCP,GHCND:ASN00001025,",,a,",0.0
2020-05-01T00:00:00,TMAX,GHCND:ASN00001025,",,a,",33.8
2020-05-01T00:00:00,TMIN,GHCND:ASN00001025,",,a,",18.0
2020-05-01T00:00:00,PRCP,GHCND:ASN00001026,",,a,",0.0
2020-05-01T00:00:00,PRCP,GHCND:ASN00001027,",,a,",0.0
2020-05-01T00:00:00,PRCP,GHCND:ASN00001031,",,a,",0.0
2020-05-01T00:00:00,PRCP,GHCND:ASN00001035,",,a,",0.0
2020-05-01T00:00:00,PRCP,GHCND:ASN00002005,",,a,",0.0
2020-05-01T00:00:00,PRCP,GHCND:ASN00002009,",,a,",0.0
2020-05-01T00:00:00,PRCP,GHCND:ASN00002012,",,S,",0.0
2020-05-01T00:00:00,TAVG,GHCND:ASN00002012,"H,,S,",22.8
2020-05-01T00:00:00,TMAX,GHCND:ASN00002012,",,S,",29.8
2020-05-01T00:00:00,PRCP,GHCND:ASN00002013,",,a,",0.0
2020-05-01T00:00:00,PRCP,GHCND:ASN00002020,",,a,",0.0
2020-05-01T00:00:00,PRCP,GHCND:ASN00002021,",,a,",0.0
2020-05-01T00:00:00,PRCP,GHCND:ASN00002022,",,a,",0.0
2020-05-01T00:00:00,PRCP,GHCND:ASN00002023,",,a,",0.0
2020-05-01T00:00:00,PRCP,GHCND:ASN00002026,",,a,",0.0
2020-05-01T00:00:00,PRCP,GHCND:ASN00002029,",,a,",0.0
2020-05-01T00:00:00,PRCP,GHCND:ASN00002030,",,a,",0.0
2020-05-01T00:00:00,PRCP,GHCND:ASN00002032,",,a,",0.0
2020-05-01T00:00:00,TMAX,GHCND:ASN00002032,",,a,",32.0
2020-05-01T00:00:00,TMIN,GHCND:ASN00002032,",,a,",23.0
2020-05-01T00:00:00,PRCP,GHCND:ASN00002036,",,a,",0.0
2020-05-01T00:00:00,PRCP,GHCND:ASN00002043,",,a,",0.0
2020-05-01T00:00:00,PRCP,GHCND:ASN00002044,",,a,",0.0
2020-05-01T00:00:00,PRCP,GHCND:ASN00002048,",,a,",0.0
2020-05-01T00:00:00,PRCP,GHCND:ASN00002049,",,a,",0.0
2020-05-01T00:00:00,PRCP,GHCND:ASN00002051,",,a,",0.0
2020-05-01T00:00:00,PRCP,GHCND:ASN00002053,",,a,",0.0
2020-05-01T00:00:00,PRCP,GHCND:ASN00002056,",,a,",0.0
2020-05-01T00:00:00,TMAX,GHCND:ASN00002056,",,a,",33.5
2020-05-01T00:00:00,TMIN,GHCND:ASN00002056,",,a,",24.4
2020-05-01T00:00:00,PRCP,GHCND:ASN00002060,",,a,",0.0
2020-05-01T00:00:00,PRCP,GHCND:ASN00002061,",,a,",0.0
2020-05-01T00:00:00,PRCP,GHCND:ASN00002064,",,a,",0.0
2020-05-01T00:00:00,TMAX,GHCND:ASN00002064,",,a,",32.4
2020-05-01T00:00:00,TMIN,GHCND:ASN00002064,",,a,",22.9
2020-05-01T00:00:00,PRCP,GHCND:ASN00002067,",,a,",0.0
2020-05-01T00:00:00,PRCP,GHCND:ASN00002069,",,a,",0.0
2020-05-01T00:00:00,PRCP,GHCND:ASN00003001,",,a,",0.0
2020-05-01T00:00:00,PRCP,GHCND:ASN00003003,",,a,",0.0
2020-05-01T00:00:00,TAVG,GHCND:ASN00003003,"H,,S,",27.4
2020-05-01T00:00:00,TMAX,GHCND:ASN00003003,",,a,",33.9
2020-05-01T00:00:00,TMIN,GHCND:ASN00003003,",,a,",22.3
2020-05-01T00:00:00,PRCP,GHCND:ASN00003009,",,a,",0.0
2020-05-01T00:00:00,PRCP,GHCND:ASN00003014,",,a,",0.0
2020-05-01T00:00:00,PRCP,GHCND:ASN00003015,",,a,",0.0
2020-05-01T00:00:00,PRCP,GHCND:ASN00003017,",,a,",0.0
2020-05-01T00:00:00,PRCP,GHCND:ASN00003019,",,a,",0.0
2020-05-01T00:00:00,PRCP,GHCND:ASN00003024,",,a,",0.0
2020-05-01T00:00:00,PRCP,GHCND:ASN00003027,",,a,",0.0
2020-05-01T00:00:00,PRCP,GHCND:ASN00003028,",,a,",0.0
2020-05-01T00:00:00,DATN,GHCND:ASN00003030,",,a,",2.0
2020-05-01T00:00:00,MDTN,GHCND:ASN00003030,",,a,",20.0
2020-05-01T00:00:00,PRCP,GHCND:ASN00003030,",,a,",0.0
2020-05-01T00:00:00,PRCP,GHCND:ASN00003032,",,a,",0.0
2020-05-01T00:00:00,TMAX,GHCND:ASN00003032,",,a,",36.2
2020-05-01T00:00:00,TMIN,GHCND:ASN00003032,",,a,",21.7
2020-05-01T00:00:00,PRCP,GHCND:ASN00003040,",,a,",0.0
2020-05-01T00:00:00,PRCP,GHCND:ASN00003041,",,a,",0.0
2020-05-01T00:00:00,PRCP,GHCND:ASN00003043,",,a,",0.0
2020-05-01T00:00:00,PRCP,GHCND:ASN00003051,",,a,",0.0
2020-05-01T00:00:00,PRCP,GHCND:ASN00003052,",,a,",0.0
2020-05-01T00:00:00,PRCP,GHCND:ASN00003057,",,a,",0.0
2020-05-01T00:00:00,TMAX,GHCND:ASN00003057,",,a,",31.6
2020-05-01T00:00:00,TMIN,GHCND:ASN00003057,",,a,",26.7
2020-05-01T00:00:00,PRCP,GHCND:ASN00003059,",,a,",0.0
2020-05-01T00:00:00,PRCP,GHCND:ASN00003063,",,a,",0.0
2020-05-01T00:00:00,PRCP,GHCND:ASN00003066,",,a,",0.0
2020-05-01T00:00:00,PRCP,GHCND:ASN00003068,",,a,",0.0
2020-05-01T00:00:00,PRCP,GHCND:ASN00003073,",,a,",0.0
2020-05-01T00:00:00,PRCP,GHCND:ASN00003074,",,a,",0.0
2020-05-01T00:00:00,PRCP,GHCND:ASN00003075,",,a,",0.0
2020-05-01T00:00:00,PRCP,GHCND:ASN00003080,",,a,",0.0
2020-05-01T00:00:00,TMAX,GHCND:ASN00003080,",,a,",36.2
2020-05-01T00:00:00,TMIN,GHCND:ASN00003080,",,a,",21.9
2020-05-01T00:00:00,PRCP,GHCND:ASN00003084,",,a,",0.0
2020-05-01T00:00:00,PRCP,GHCND:ASN00003086,",,a,",0.0
2020-05-01T00:00:00,PRCP,GHCND:ASN00003088,",,a,",0.0
2020-05-01T00:00:00,PRCP,GHCND:ASN00003090,",,a,",0.0
2020-05-01T00:00:00,PRCP,GHCND:ASN00003093,",,a,",0.0
2020-05-01T00:00:00,TMAX,GHCND:ASN00003093,",,a,",34.8
2020-05-01T00:00:00,TMIN,GHCND:ASN00003093,",,a,",19.9
2020-05-01T00:00:00,PRCP,GHCND:ASN00003098,",,a,",0.0
2020-05-01T00:00:00,PRCP,GHCND:ASN00003100,",,a,",0.0
2020-05-01T00:00:00,PRCP,GHCND:ASN00003105,",,a,",0.0
2020-05-01T00:00:00,PRCP,GHCND:ASN00004004,",,a,",0.0
2020-05-01T00:00:00,PRCP,GHCND:ASN00004006,",,a,",0.0
2020-05-01T00:00:00,PRCP,GHCND:ASN00004012,",,a,",0.0
2020-05-01T00:00:00,PRCP,GHCND:ASN00004016,",,a,",0.0
2020-05-01T00:00:00,PRCP,GHCND:ASN00004019,",,a,",0.0
2020-05-01T00:00:00,TMAX,GHCND:ASN00004019,",,a,",33.0
2020-05-01T00:00:00,TMIN,GHCND:ASN00004019,",,a,",18.0
2020-05-01T00:00:00,PRCP,GHCND:ASN00004022,",,a,",0.0
2020-05-01T00:00:00,PRCP,GHCND:ASN00004023,",,a,",0.0
2020-05-01T00:00:00,PRCP,GHCND:ASN00004026,",,a,",0.0
2020-05-01T00:00:00,PRCP,GHCND:ASN00004028,",,a,",0.0
2020-05-01T00:00:00,TMAX,GHCND:ASN00004028,",,a,",31.6
2020-05-01T00:00:00,TMIN,GHCND:ASN00004028,",,a,",13.0
2020-05-01T00:00:00,PRCP,GHCND:ASN00004032,",,a,",0.0
2020-05-01T00:00:00,TAVG,GHCND:ASN00004032,"H,,S,",23.1
2020-05-01T00:00:00,TMAX,GHCND:ASN00004032,",,a,",30.8
2020-05-01T00:00:00,TMIN,GHCND:ASN00004032,",,a,",16.5
2020-05-01T00:00:00,PRCP,GHCND:ASN00004033,",,a,",0.0
2020-05-01T00:00:00,PRCP,GHCND:ASN00004036,",,a,",0.0
2020-05-01T00:00:00,PRCP,GHCND:ASN00004038,",,a,",0.0
2020-05-01T00:00:00,PRCP,GHCND:ASN00004039,",,a,",0.0
2020-05-01T00:00:00,PRCP,GHCND:ASN00004041,",,a,",0.0
2020-05-01T00:00:00,PRCP,GHCND:ASN00004046,",,a,",0.0
2020-05-01T00:00:00,PRCP,GHCND:ASN00004059,",,a,",0.0
2020-05-01T00:00:00,PRCP,GHCND:ASN00004068,",,a,",0.0
2020-05-01T00:00:00,PRCP,GHCND:ASN00004083,",,a,",0.0
2020-05-01T00:00:00,TMAX,GHCND:ASN00004083,",,a,",30.4
2020-05-01T00:00:00,TMIN,GHCND:ASN00004083,",,a,",21.4
2020-05-01T00:00:00,PRCP,GHCND:ASN00004086,",,a,",0.0
2020-05-01T00:00:00,PRCP,GHCND:ASN00004102,",,a,",0.0
2020-05-01T00:00:00,PRCP,GHCND:ASN00004106,",,a,",0.0
2020-05-01T00:00:00,TMAX,GHCND:ASN00004106,",,a,",29.5
2020-05-01T00:00:00,TMIN,GHCND:ASN00004106,",,a,",16.7
2020-05-01T00:00:00,PRCP,GHCND:ASN00005001,",,a,",0.0
2020-05-01T00:00:00,PRCP,GHCND:ASN00005004,",,a,",0.0
2020-05-01T00:00:00,PRCP,GHCND:ASN00005006,",,a,",0.0
2020-05-01T00:00:00,PRCP,GHCND:ASN00005007,",,a,",0.0
2020-05-01T00:00:00,TAVG,GHCND:ASN00005007,"H,,S,",24.1
2020-05-01T00:00:00,TMAX,GHCND:ASN00005007,",,a,",28.4
2020-05-01T00:00:00,TMIN,GHCND:ASN00005007,",,a,",18.9
2020-05-01T00:00:00,PRCP,GHCND:ASN00005008,",,a,",0.2
2020-05-01T00:00:00,TMAX,GHCND:ASN00005008,",,a,",33.2
2020-05-01T00:00:00,TMIN,GHCND:ASN00005008,",,a,",20.6
2020-05-01T00:00:00,PRCP,GHCND:ASN00005012,",,a,",0.0
2020-05-01T00:00:00,PRCP,GHCND:ASN00005013,",,a,",0.0
2020-05-01T00:00:00,PRCP,GHCND:ASN00005014,",,a,",0.0
2020-05-01T00:00:00,PRCP,GHCND:ASN00005017,",,a,",0.0
2020-05-01T00:00:00,TMAX,GHCND:ASN00005017,",,a,",30.9
2020-05-01T00:00:00,TMIN,GHCND:ASN00005017,",,a,",22.1
2020-05-01T00:00:00,PRCP,GHCND:ASN00005022,",,a,",0.0
2020-05-01T00:00:00,PRCP,GHCND:ASN00005028,",,a,",0.0
2020-05-01T00:00:00,PRCP,GHCND:ASN00005029,",,a,",0.0
2020-05-01T00:00:00,PRCP,GHCND:ASN00005032,",,a,",0.0
2020-05-01T00:00:00,PRCP,GHCND:ASN00005034,",,a,",0.0
2020-05-01T00:00:00,PRCP,GHCND:ASN00005036,",,a,",0.0
2020-05-01T00:00:00,PRCP,GHCND:ASN00005040,",,a,",0.0
2020-05-01T00:00:00,PRCP,GHCND:ASN00005051,",,a,",0.0
2020-05-01T00:00:00,PRCP,GHCND:ASN00005061,",,a,",0.0
2020-05-01T00:00:00,PRCP,GHCND:ASN00005069,",,a,",0.0
2020-05-01T00:00:00,PRCP,GHCND:ASN00005070,",,a,",0.0
2020-05-01T00:00:00,PRCP,GHCND:ASN00005071,",,a,",0.0
2020-05-01T00:00:00,PRCP,GHCND:ASN00005082,",,a,",0.0
2020-05-01T00:00:00,PRCP,GHCND:ASN00005084,",,a,",0.0
2020-05-01T00:00:00,TMAX,GHCND:ASN00005084,",,a,",28.9
2020-05-01T00:00:00,TMIN,GHCND:ASN00005084,",,a,",23.4
2020-05-01T00:00:00,PRCP,GHCND:ASN00005088,",,a,",0.0
2020-05-01T00:00:00,PRCP,GHCND:ASN00005094,",,a,",0.0
2020-05-01T00:00:00,TMAX,GHCND:ASN00005094,",,a,",28.2
2020-05-01T00:00:00,TMIN,GHCND:ASN00005094,",,a,",24.0
2020-05-01T00:00:00,PRCP,GHCND:ASN00005095,",,a,",0.0
2020-05-01T00:00:00,PRCP,GHCND:ASN00006005,",,a,",0.0
2020-05-01T00:00:00,PRCP,GHCND:ASN00006008,",,a,",0.0
2020-05-01T00:00:00,PRCP,GHCND:ASN00006010,",,a,",0.0
2020-05-01T00:00:00,PRCP,GHCND:ASN00006011,",,a,",0.0
2020-05-01T00:00:00,TAVG,GHCND:ASN00006011,"H,,S,",22.5
2020-05-01T00:00:00,TMAX,GHCND:ASN00006011,",,a,",33.2
2020-05-01T00:00:00,TMIN,GHCND:ASN00006011,",,a,",18.7
2020-05-01T00:00:00,PRCP,GHCND:ASN00006017,",,a,",0.0
2020-05-01T00:00:00,PRCP,GHCND:ASN00006019,",,a,",0.0
2020-05-01T00:00:00,PRCP,GHCND:ASN00006020,",,a,",0.0
2020-05-01T00:00:00,PRCP,GHCND:ASN00006022,",,a,",0.0
2020-05-01T00:00:00,TMIN,GHCND:ASN00006022,",,a,",17.5
2020-05-01T00:00:00,PRCP,GHCND:ASN00006026,",,a,",0.0
2020-05-01T00:00:00,PRCP,GHCND:ASN00006027,",,a,",0.0
2020-05-01T00:00:00,PRCP,GHCND:ASN00006034,",,a,",0.0
2020-05-01T00:00:00,PRCP,GHCND:ASN00006038,",,a,",0.0
2020-05-01T00:00:00,PRCP,GHCND:ASN00006044,",,a,",0.0
2020-05-01T00:00:00,TMAX,GHCND:ASN00006044,",,a,",31.7
2020-05-01T00:00:00,PRCP,GHCND:ASN00006045,",,a,",0.0
2020-05-01T00:00:00,PRCP,GHCND:ASN00006055,",,a,",0.0
2020-05-01T00:00:00,PRCP,GHCND:ASN00006058,",,a,",0.0
2020-05-01T00:00:00,PRCP,GHCND:ASN00006059,",,a,",0.0
2020-05-01T00:00:00,PRCP,GHCND:ASN00006066,",,a,",0.0
2020-05-01T00:00:00,PRCP,GHCND:ASN00006068,",,a,",0.0
2020-05-01T00:00:00,PRCP,GHCND:ASN00006070,",,a,",0.0
2020-05-01T00:00:00,PRCP,GHCND:ASN00006072,",,a,",0.0
2020-05-01T00:00:00,PRCP,GHCND:ASN00006084,",,a,",0.0
2020-05-01T00:00:00,PRCP,GHCND:ASN00006095,",,a,",0.0
2020-05-01T00:00:00,PRCP,GHCND:ASN00006097,",,a,",0.0
2020-05-01T00:00:00,PRCP,GHCND:ASN00006099,",,a,",0.0
2020-05-01T00:00:00,TMAX,GHCND:ASN00006099,",,a,",27.0
2020-05-01T00:00:00,TMIN,GHCND:ASN00006099,",,a,",13.4
2020-05-01T00:00:00,PRCP,GHCND:ASN00006102,",,a,",0.0
2020-05-01T00:00:00,PRCP,GHCND:ASN00006105,",,a,",0.0
2020-05-01T00:00:00,TMAX,GHCND:ASN00006105,",,a,",31.6
2020-05-01T00:00:00,TMIN,GHCND:ASN00006105,",,a,",18.2
2020-05-01T00:00:00,PRCP,GHCND:ASN00007001,",,a,",0.0
2020-05-01T00:00:00,PRCP,GHCND:ASN00007007,",,a,",0.0
2020-05-01T00:00:00,PRCP,GHCND:ASN00007008,",,a,",0.0
2020-05-01T00:00:00,PRCP,GHCND:ASN00007014,",,a,",0.0
2020-05-01T00:00:00,PRCP,GHCND:ASN00007017,",,a,",0.0
2020-05-01T00:00:00,PRCP,GHCND:ASN00007019,",,a,",0.0
2020-05-01T00:00:00,PRCP,GHCND:ASN00007023,",,a,",0.0
2020-05-01T00:00:00,PRCP,GHCND:ASN00007024,",,a,",0.0
2020-05-01T00:00:00,PRCP,GHCND:ASN00007027,",,a,",0.0
2020-05-01T00:00:00,PRCP,GHCND:ASN00007030,",,a,",0.0
2020-05-01T00:00:00,PRCP,GHCND:ASN00007037,",,a,",0.0
2020-05-01T00:00:00,PRCP,GHCND:ASN00007045,",,a,",0.0
2020-05-01T00:00:00,TMAX,GHCND:ASN00007045,",,a,",23.5
2020-05-01T00:00:00,TMIN,GHCND:ASN00007045,",,a,",11.9
2020-05-01T00:00:00,PRCP,GHCND:ASN00007047,",,a,",0.0
2020-05-01T00:00:00,PRCP,GHCND:ASN00007048,",,a,",0.0
2020-05-01T00:00:00,PRCP,GHCND:ASN00007053,",,a,",0.0
2020-05-01T00:00:00,PRCP,GHCND:ASN00007055,",,a,",0.0
2020-05-01T00:00:00,PRCP,GHCND:ASN00007058,",,a,",0.0
2020-05-01T00:00:00,PRCP,GHCND:ASN00007059,",,a,",0.0
2020-05-01T00:00:00,PRCP,GHCND:ASN00007064,",,a,",0.0
2020-05-01T00:00:00,PRCP,GHCND:ASN00007068,",,a,",0.0
2020-05-01T00:00:00,PRCP,GHCND:ASN00007072,",,a,",0.0
2020-05-01T00:00:00,PRCP,GHCND:ASN00007078,",,a,",0.0
2020-05-01T00:00:00,PRCP,GHCND:ASN00007083,",,a,",0.0
2020-05-01T00:00:00,PRCP,GHCND:ASN00007089,",,a,",0.0
2020-05-01T00:00:00,PRCP,GHCND:ASN00007090,",,a,",0.0
2020-05-01T00:00:00,PRCP,GHCND:ASN00007094,",,a,",0.0
2020-05-01T00:00:00,PRCP,GHCND:ASN00007095,",,a,",0.0
2020-05-01T00:00:00,PRCP,GHCND:ASN00007096,",,a,",0.0
2020-05-01T00:00:00,PRCP,GHCND:ASN00007097,",,a,",0.0
2020-05-01T00:00:00,PRCP,GHCND:ASN00007099,",,a,",0.0
2020-05-01T00:00:00,PRCP,GHCND:ASN00007100,",,a,",0.0
2020-05-01T00:00:00,PRCP,GHCND:ASN00007101,",,a,",0.0
2020-05-01T00:00:00,PRCP,GHCND:ASN00007103,",,a,",0.0
2020-05-01T00:00:00,PRCP,GHCND:ASN00007124,",,a,",0.0
2020-05-01T00:00:00,PRCP,GHCND:ASN00007129,",,a,",0.0
2020-05-01T00:00:00,PRCP,GHCND:ASN00007132,",,a,",0.0
2020-05-01T00:00:00,PRCP,GHCND:ASN00007134,",,a,",0.0
2020-05-01T00:00:00,PRCP,GHCND:ASN00007139,",,a,",0.0
2020-05-01T00:00:00,TMAX,GHCND:ASN00007139,",,a,",24.7
2020-05-01T00:00:00,TMIN,GHCND:ASN00007139,",,a,",6.1
2020-05-01T00:00:00,PRCP,GHCND:ASN00007149,",,a,",0.0
2020-05-01T00:00:00,PRCP,GHCND:ASN00007159,",,a,",0.0
2020-05-01T00:00:00,PRCP,GHCND:ASN00007160,",,a,",0.0
2020-05-01T00:00:00,PRCP,GHCND:ASN00007176,",,a,",0.0
2020-05-01T00:00:00,TAVG,GHCND:ASN00007176,"H,,S,",16.8
2020-05-01T00:00:00,TMAX,GHCND:ASN00007176,",,a,",24.6
2020-05-01T00:00:00,TMIN,GHCND:ASN00007176,",,a,",8.2
2020-05-01T00:00:00,PRCP,GHCND:ASN00007177,",,a,",0.0
2020-05-01T00:00:00,PRCP,GHCND:ASN00007179,",,a,",0.0
2020-05-01T00:00:00,PRCP,GHCND:ASN00007180,",,a,",0.0
2020-05-01T00:00:00,PRCP,GHCND:ASN00007185,",,a,",0.0
2020-05-01T00:00:00,TMAX,GHCND:ASN00007185,",,a,",29.0
2020-05-01T00:00:00,TMIN,GHCND:ASN00007185,",,a,",15.8
2020-05-01T00:00:00,PRCP,GHCND:ASN00007190,",,a,",0.0
2020-05-01T00:00:00,PRCP,GHCND:ASN00007192,",,a,",0.0
2020-05-01T00:00:00,PRCP,GHCND:ASN00007193,",,a,",0.0
2020-05-01T00:00:00,PRCP,GHCND:ASN00007195,",,a,",0.0
2020-05-01T00:00:00,PRCP,GHCND:ASN00007197,",,a,",0.0
2020-05-01T00:00:00,PRCP,GHCND:ASN00007600,",,a,",0.0
2020-05-01T00:00:00,TMAX,GHCND:ASN00007600,",,a,",23.9
2020-05-01T00:00:00,TMIN,GHCND:ASN00007600,",,a,",10.7
2020-05-01T00:00:00,PRCP,GHCND:ASN00008002,",,a,",0.0
2020-05-01T00:00:00,PRCP,GHCND:ASN00008004,",,a,",0.0
2020-05-01T00:00:00,PRCP,GHCND:ASN00008005,",,a,",0.0
2020-05-01T00:00:00,PRCP,GHCND:ASN00008007,",,a,",0.0
2020-05-01T00:00:00,PRCP,GHCND:ASN00008008,",,a,",0.0
2020-05-01T00:00:00,PRCP,GHCND:ASN00008013,",,a,",0.0
2020-05-01T00:00:00,PRCP,GHCND:ASN00008014,",,a,",0.0
2020-05-01T00:00:00,PRCP,GHCND:ASN00008016,",,a,",0.0
2020-05-01T00:00:00,PRCP,GHCND:ASN00008022,",,a,",0.0
2020-05-01T00:00:00,PRCP,GHCND:ASN00008025,",,a,",0.0
2020-05-01T00:00:00,TMIN,GHCND:ASN00008025,",,a,",11.5
2020-05-01T00:00:00,PRCP,GHCND:ASN00008028,",,a,",0.0
2020-05-01T00:00:00,PRCP,GHCND:ASN00008037,",,a,",0.0
2020-05-01T00:00:00,PRCP,GHCND:ASN00008044,",,a,",0.0
2020-05-01T00:00:00,PRCP,GHCND:ASN00008047,",,a,",0.0
2020-05-01T00:00:00,PRCP,GHCND:ASN00008050,",,a,",0.0
2020-05-01T00:00:00,PRCP,GHCND:ASN00008051,",,S,",0.0
2020-05-01T00:00:00,TAVG,GHCND:ASN00008051,"H,,S,",20.2
2020-05-01T00:00:00,TMAX,GHCND:ASN00008051,",,S,",29.2
2020-05-01T00:00:00,TMIN,GHCND:ASN00008051,",,S,",14.0
2020-05-01T00:00:00,PRCP,GHCND:ASN00008052,",,a,",0.0
2020-05-01T00:00:00,PRCP,GHCND:ASN00008057,",,a,",0.0
2020-05-01T00:00:00,PRCP,GHCND:ASN00008060,",,a,",0.0
2020-05-01T00:00:00,PRCP,GHCND:ASN00008061,",,a,",0.0
2020-05-01T00:00:00,PRCP,GHCND:ASN00008064,",,a,",0.0
2020-05-01T00:00:00,PRCP,GHCND:ASN00008065,",,a,",0.0
2020-05-01T00:00:00,PRCP,GHCND:ASN00008066,",,a,",0.0
2020-05-01T00:00:00,PRCP,GHCND:ASN00008067,",,a,",0.0
2020-05-01T00:00:00,PRCP,GHCND:ASN00008072,",,a,",0.0
2020-05-01T00:00:00,PRCP,GHCND:ASN00008075,",,a,",0.0
2020-05-01T00:00:00,PRCP,GHCND:ASN00008077,",,a,",0.0
2020-05-01T00:00:00,PRCP,GHCND:ASN00008078,",,a,",0.0
2020-05-01T00:00:00,PRCP,GHCND:ASN00008079,",,a,",0.0
2020-05-01T00:00:00,PRCP,GHCND:ASN00008085,",,a,",0.0
2020-05-01T00:00:00,PRCP,GHCND:ASN00008087,",,a,",0.0
2020-05-01T00:00:00,PRCP,GHCND:ASN00008095,",,a,",0.0
2020-05-01T00:00:00,TMAX,GHCND:ASN00008095,",,a,",26.1
2020-05-01T00:00:00,TMIN,GHCND:ASN00008095,",,a,",10.4
2020-05-01T00:00:00,PRCP,GHCND:ASN00008096,",,a,",0.0
2020-05-01T00:00:00,PRCP,GHCND:ASN00008100,",,a,",0.0
2020-05-01T00:00:00,PRCP,GHCND:ASN00008104,",,a,",0.0
2020-05-01T00:00:00,PRCP,GHCND:ASN00008107,",,a,",0.0
2020-05-01T00:00:00,PRCP,GHCND:ASN00008113,",,a,",0.0
2020-05-01T00:00:00,PRCP,GHCND:ASN00008121,",,a,",0.0
2020-05-01T00:00:00,PRCP,GHCND:ASN00008128,",,a,",0.0
2020-05-01T00:00:00,PRCP,GHCND:ASN00008130,",,a,",0.0
2020-05-01T00:00:00,PRCP,GHCND:ASN00008137,",,a,",0.0
2020-05-01T00:00:00,TMIN,GHCND:ASN00008137,",,a,",8.5
2020-05-01T00:00:00,PRCP,GHCND:ASN00008139,",,a,",0.0
2020-05-01T00:00:00,PRCP,GHCND:ASN00008143,",,a,",0.0
2020-05-01T00:00:00,PRCP,GHCND:ASN00008146,",,a,",0.0
2020-05-01T00:00:00,PRCP,GHCND:ASN00008147,",,a,",0.0
2020-05-01T00:00:00,PRCP,GHCND:ASN00008151,",,a,",0.0
2020-05-01T00:00:00,PRCP,GHCND:ASN00008157,",,a,",0.0
2020-05-01T00:00:00,PRCP,GHCND:ASN00008168,",,a,",0.0
2020-05-01T00:00:00,PRCP,GHCND:ASN00008179,",,a,",0.0
2020-05-01T00:00:00,PRCP,GHCND:ASN00008200,",,a,",0.0
2020-05-01T00:00:00,PRCP,GHCND:ASN00008202,",,a,",0.0
2020-05-01T00:00:00,PRCP,GHCND:ASN00008230,",,a,",0.0
2020-05-01T00:00:00,PRCP,GHCND:ASN00008234,",,a,",0.0
2020-05-01T00:00:00,PRCP,GHCND:ASN00008237,",,a,",0.0
2020-05-01T00:00:00,PRCP,GHCND:ASN00008238,",,a,",0.0
2020-05-01T00:00:00,PRCP,GHCND:ASN00008240,",,a,",0.0
2020-05-01T00:00:00,PRCP,GHCND:ASN00008251,",,a,",0.0
2020-05-01T00:00:00,TMAX,GHCND:ASN00008251,",,a,",30.4
2020-05-01T00:00:00,TMIN,GHCND:ASN00008251,",,a,",15.8
2020-05-01T00:00:00,PRCP,GHCND:ASN00008254,",,a,",0.0
2020-05-01T00:00:00,PRCP,GHCND:ASN00008264,",,a,",0.0
2020-05-01T00:00:00,PRCP,GHCND:ASN00008271,",,a,",0.0
2020-05-01T00:00:00,PRCP,GHCND:ASN00008273,",,a,",0.0
2020-05-01T00:00:00,PRCP,GHCND:ASN00008274,",,a,",0.0
2020-05-01T00:00:00,PRCP,GHCND:ASN00008276,",,a,",0.0
2020-05-01T00:00:00,PRCP,GHCND:ASN00008278,",,a,",0.0
2020-05-01T00:00:00,PRCP,GHCND:ASN00008280,",,a,",0.0
2020-05-01T00:00:00,PRCP,GHCND:ASN00008283,",,a,",0.0
2020-05-01T00:00:00,PRCP,GHCND:ASN00008285,",,a,",0.0
2020-05-01T00:00:00,PRCP,GHCND:ASN00008286,",,a,",0.0
2020-05-01T00:00:00,PRCP,GHCND:ASN00008288,",,a,",0.0
2020-05-01T00:00:00,PRCP,GHCND:ASN00008290,",,a,",0.0
2020-05-01T00:00:00,TMAX,GHCND:ASN00008290,",,a,",26.6
2020-05-01T00:00:00,TMIN,GHCND:ASN00008290,",,a,",19.6
2020-05-01T00:00:00,PRCP,GHCND:ASN00008292,",,a,",0.0
2020-05-01T00:00:00,PRCP,GHCND:ASN00008294,",,a,",0.0
2020-05-01T00:00:00,PRCP,GHCND:ASN00008295,",,a,",0.0
2020-05-01T00:00:00,PRCP,GHCND:ASN00008296,",,a,",0.0
2020-05-01T00:00:00,TMAX,GHCND:ASN00008296,",,a,",25.3
2020-05-01T00:00:00,TMIN,GHCND:ASN00008296,",,a,",9.5
2020-05-01T00:00:00,PRCP,GHCND:ASN00008297,",,a,",0.0
2020-05-01T00:00:00,TMAX,GHCND:ASN00008297,",,a,",22.7
2020-05-01T00:00:00,TMIN,GHCND:ASN00008297,",,a,",6.7
2020-05-01T00:00:00,PRCP,GHCND:ASN00008298,",,a,",0.0
2020-05-01T00:00:00,PRCP,GHCND:ASN00008299,",,a,",0.0
2020-05-01T00:00:00,PRCP,GHCND:ASN00008300,",,a,",0.0
2020-05-01T00:00:00,PRCP,GHCND:ASN00008304,",,a,",0.0
2020-05-01T00:00:00,PRCP,GHCND:ASN00008305,",,a,",0.0
2020-05-01T00:00:00,PRCP,GHCND:ASN00008307,",,a,",0.0
2020-05-01T00:00:00,PRCP,GHCND:ASN00008308,",,a,",0.0
2020-05-01T00:00:00,PRCP,GHCND:ASN00008309,",,a,",0.0
2020-05-01T00:00:00,PRCP,GHCND:ASN00008310,",,a,",0.0
2020-05-01T00:00:00,PRCP,GHCND:ASN00009000,",,a,",0.0
2020-05-01T00:00:00,PRCP,GHCND:ASN00009006,",,a,",0.0
2020-05-01T00:00:00,PRCP,GHCND:ASN00009007,",,a,",0.0
2020-05-01T00:00:00,PRCP,GHCND:ASN00009009,",,a,",0.0
2020-05-01T00:00:00,PRCP,GHCND:ASN00009014,",,a,",0.0
2020-05-01T00:00:00,PRCP,GHCND:ASN00009015,",,a,",0.0
2020-05-01T00:00:00,PRCP,GHCND:ASN00009018,",,a,",0.0
2020-05-01T00:00:00,PRCP,GHCND:ASN00009021,",,a,",0.0
2020-05-01T00:00:00,TAVG,GHCND:ASN00009021,"H,,S,",17.8
2020-05-01T00:00:00,TMAX,GHCND:ASN00009021,",,a,",24.3
2020-05-01T00:00:00,TMIN,GHCND:ASN00009021,",,a,",7.6
2020-05-01T00:00:00,PRCP,GHCND:ASN00009023,",,a,",0.0
2020-05-01T00:00:00,PRCP,GHCND:ASN00009024,",,a,",0.0
2020-05-01T00:00:00,PRCP,GHCND:ASN00009025,",,a,",0.0
2020-05-01T00:00:00,PRCP,GHCND:ASN00009030,",,a,",0.0
2020-05-01T00:00:00,PRCP,GHCND:ASN00009033,",,a,",0.0
2020-05-01T00:00:00,PRCP,GHCND:ASN00009037,",,a,",0.0
2020-05-01T00:00:00,TMAX,GHCND:ASN00009037,",,a,",24.4
2020-05-01T00:00:00,TMIN,GHCND:ASN00009037,",,a,",10.3
2020-05-01T00:00:00,PRCP,GHCND:ASN00009039,",,a,",0.0
2020-05-01T00:00:00,PRCP,GHCND:ASN00009040,",,a,",0.0
2020-05-01T00:00:00,PRCP,GHCND:ASN00009053,",,a,",0.0
2020-05-01T00:00:00,TMAX,GHCND:ASN00009053,",,a,",24.9
2020-05-01T00:00:00,TMIN,GHCND:ASN00009053,",,a,",13.0
2020-05-01T00:00:00,PRCP,GHCND:ASN00009066,",,a,",0.0
2020-05-01T00:00:00,PRCP,GHCND:ASN00009105,",,a,",0.0
2020-05-01T00:00:00,TMAX,GHCND:ASN00009106,",,a,",25.2
2020-05-01T00:00:00,PRCP,GHCND:ASN00009111,",,a,",0.0
2020-05-01T00:00:00,TMAX,GHCND:ASN00009111,",,a,",21.7
2020-05-01T00:00:00,TMIN,GHCND:ASN00009111,",,a,",9.2
2020-05-01T00:00:00,PRCP,GHCND:ASN00009112,",,a,",0.0
2020-05-01T00:00:00,PRCP,GHCND:ASN00009113,",,a,",0.0
2020-05-01T00:00:00,PRCP,GHCND:ASN00009114,",,a,",0.0
2020-05-01T00:00:00,TMAX,GHCND:ASN00009114,",,a,",27.0
2020-05-01T00:00:00,TMIN,GHCND:ASN00009114,",,a,",5.4
2020-05-01T00:00:00,PRCP,GHCND:ASN00009131,",,a,",0.0
2020-05-01T00:00:00,TMAX,GHCND:ASN00009131,",,a,",27.9
2020-05-01T00:00:00,TMIN,GHCND:ASN00009131,",,a,",5.6
2020-05-01T00:00:00,PRCP,GHCND:ASN00009144,",,a,",0.0
2020-05-01T00:00:00,PRCP,GHCND:ASN00009151,",,a,",0.0
2020-05-01T00:00:00,PRCP,GHCND:ASN00009172,",,a,",0.0
2020-05-01T00:00:00,TMAX,GHCND:ASN00009172,",,a,",24.2
2020-05-01T00:00:00,TMIN,GHCND:ASN00009172,",,a,",8.0
2020-05-01T00:00:00,PRCP,GHCND:ASN00009178,",,a,",0.0
2020-05-01T00:00:00,TMAX,GHCND:ASN00009178,",,a,",24.5
2020-05-01T00:00:00,TMIN,GHCND:ASN00009178,",,a,",8.4
2020-05-01T00:00:00,PRCP,GHCND:ASN00009182,",,a,",0.0
2020-05-01T00:00:00,PRCP,GHCND:ASN00009193,",,a,",0.0
2020-05-01T00:00:00,TAVG,GHCND:ASN00009193,"H,,S,",19.1
2020-05-01T00:00:00,TMAX,GHCND:ASN00009193,",,a,",22.5
2020-05-01T00:00:00,TMIN,GHCND:ASN00009193,",,a,",13.9
2020-05-01T00:00:00,PRCP,GHCND:ASN00009199,",,a,",0.0
2020-05-01T00:00:00,PRCP,GHCND:ASN00009207,",,a,",0.0
2020-05-01T00:00:00,PRCP,GHCND:ASN00009210,",,a,",0.0
2020-05-01T00:00:00,PRCP,GHCND:ASN00009215,",,a,",0.0
2020-05-01T00:00:00,TMAX,GHCND:ASN00009215,",,a,",24.4
2020-05-01T00:00:00,TMIN,GHCND:ASN00009215,",,a,",11.6
2020-05-01T00:00:00,PRCP,GHCND:ASN00009225,",,a,",0.0
2020-05-01T00:00:00,TMAX,GHCND:ASN00009225,",,a,",24.1
2020-05-01T00:00:00,TMIN,GHCND:ASN00009225,",,a,",8.5
2020-05-01T00:00:00,PRCP,GHCND:ASN00009240,",,a,",0.0
2020-05-01T00:00:00,TMAX,GHCND:ASN00009240,",,a,",21.0
2020-05-01T00:00:00,TMIN,GHCND:ASN00009240,",,a,",7.9
2020-05-01T00:00:00,PRCP,GHCND:ASN00009242,",,a,",0.0
2020-05-01T00:00:00,PRCP,GHCND:ASN00009243,",,a,",0.0
2020-05-01T00:00:00,PRCP,GHCND:ASN00009246,",,a,",0.0
2020-05-01T00:00:00,PRCP,GHCND:ASN00009248,",,a,",0.0
2020-05-01T00:00:00,PRCP,GHCND:ASN00009252,",,a,",0.0
2020-05-01T00:00:00,PRCP,GHCND:ASN00009253,",,a,",0.0
2020-05-01T00:00:00,PRCP,GHCND:ASN00009256,",,a,",0.0
2020-05-01T00:00:00,TMAX,GHCND:ASN00009256,",,a,",24.3
2020-05-01T00:00:00,TMIN,GHCND:ASN00009256,",,a,",13.2
2020-05-01T00:00:00,PRCP,GHCND:ASN00009257,",,a,",0.0
2020-05-01T00:00:00,PRCP,GHCND:ASN00009258,",,a,",0.0
2020-05-01T00:00:00,PRCP,GHCND:ASN00009260,",,a,",0.0
2020-05-01T00:00:00,PRCP,GHCND:ASN00009263,",,a,",0.0
2020-05-01T00:00:00,PRCP,GHCND:ASN00009264,",,a,",0.0
2020-05-01T00:00:00,PRCP,GHCND:ASN00009276,",,a,",0.0
2020-05-01T00:00:00,PRCP,GHCND:ASN00009500,",,a,",0.0
2020-05-01T00:00:00,TMIN,GHCND:ASN00009500,",,a,",9.5
2020-05-01T00:00:00,PRCP,GHCND:ASN00009504,",,a,",0.0
2020-05-01T00:00:00,PRCP,GHCND:ASN00009506,",,a,",0.0
2020-05-01T00:00:00,PRCP,GHCND:ASN00009507,",,a,",0.0
2020-05-01T00:00:00,PRCP,GHCND:ASN00009509,",,a,",0.0
2020-05-01T00:00:00,PRCP,GHCND:ASN00009513,",,a,",0.0
2020-05-01T00:00:00,PRCP,GHCND:ASN00009515,",,a,",0.0
2020-05-01T00:00:00,PRCP,GHCND:ASN00009518,",,a,",0.0
2020-05-01T00:00:00,TAVG,GHCND:ASN00009518,"H,,S,",16.9
2020-05-01T00:00:00,TMAX,GHCND:ASN00009518,",,a,",22.3
2020-05-01T00:00:00,TMIN,GHCND:ASN00009518,",,a,",10.7
2020-05-01T00:00:00,PRCP,GHCND:ASN00009519,",,a,",0.0
2020-05-01T00:00:00,TMAX,GHCND:ASN00009519,",,a,",21.0
2020-05-01T00:00:00,TMIN,GHCND:ASN00009519,",,a,",12.2
2020-05-01T00:00:00,PRCP,GHCND:ASN00009520,",,a,",0.0
2020-05-01T00:00:00,PRCP,GHCND:ASN00009523,",,a,",0.0
2020-05-01T00:00:00,PRCP,GHCND:ASN00009527,",,a,",0.0
2020-05-01T00:00:00,PRCP,GHCND:ASN00009530,",,a,",0.0
2020-05-01T00:00:00,PRCP,GHCND:ASN00009531,",,a,",0.0
2020-05-01T00:00:00,PRCP,GHCND:ASN00009532,",,a,",0.0
2020-05-01T00:00:00,PRCP,GHCND:ASN00009534,",,a,",0.0
2020-05-01T00:00:00,TMAX,GHCND:ASN00009534,",,a,",22.5
2020-05-01T00:00:00,PRCP,GHCND:ASN00009538,",,a,",0.0
2020-05-01T00:00:00,TMAX,GHCND:ASN00009538,",,a,",21.8
2020-05-01T00:00:00,TMIN,GHCND:ASN00009538,",,a,",6.0
2020-05-01T00:00:00,PRCP,GHCND:ASN00009542,",,a,",0.0
2020-05-01T00:00:00,TMAX,GHCND:ASN00009542,",,a,",20.6
2020-05-01T00:00:00,TMIN,GHCND:ASN00009542,",,a,",8.3
2020-05-01T00:00:00,PRCP,GHCND:ASN00009547,",,a,",0.0
2020-05-01T00:00:00,PRCP,GHCND:ASN00009556,",,a,",0.0
2020-05-01T00:00:00,PRCP,GHCND:ASN00009557,",,a,",0.0
2020-05-01T00:00:00,PRCP,GHCND:ASN00009559,",,a,",0.0
2020-05-01T00:00:00,PRCP,GHCND:ASN00009561,",,a,",0.0
2020-05-01T00:00:00,PRCP,GHCND:ASN00009573,",,a,",0.0
2020-05-01T00:00:00,TMAX,GHCND:ASN00009573,",,a,",21.2
2020-05-01T00:00:00,TMIN,GHCND:ASN00009573,",,a,",6.9
2020-05-01T00:00:00,PRCP,GHCND:ASN00009574,",,a,",0.0
2020-05-01T00:00:00,PRCP,GHCND:ASN00009575,",,a,",0.0
2020-05-01T00:00:00,PRCP,GHCND:ASN00009579,",,a,",0.0
2020-05-01T00:00:00,PRCP,GHCND:ASN00009581,",,a,",0.0
2020-05-01T00:00:00,PRCP,GHCND:ASN00009584,",,a,",0.0
2020-05-01T00:00:00,PRCP,GHCND:ASN00009585,",,a,",0.0
2020-05-01T00:00:00,PRCP,GHCND:ASN00009587,",,a,",0.0
2020-05-01T00:00:00,PRCP,GHCND:ASN00009589,",,a,",0.0
2020-05-01T00:00:00,PRCP,GHCND:ASN00009590,",,a,",0.0
2020-05-01T00:00:00,PRCP,GHCND:ASN00009591,",,a,",0.0
2020-05-01T00:00:00,PRCP,GHCND:ASN00009592,",,a,",0.0
2020-05-01T00:00:00,TMIN,GHCND:ASN00009592,",,a,",6.1
2020-05-01T00:00:00,PRCP,GHCND:ASN00009594,",,a,",0.0
2020-05-01T00:00:00,PRCP,GHCND:ASN00009599,",,a,",0.0
2020-05-01T00:00:00,PRCP,GHCND:ASN00009600,",,a,",0.0
2020-05-01T00:00:00,PRCP,GHCND:ASN00009603,",,a,",0.0
2020-05-01T00:00:00,TMAX,GHCND:ASN00009603,",,a,",21.3
2020-05-01T00:00:00,TMIN,GHCND:ASN00009603,",,a,",8.2
2020-05-01T00:00:00,PRCP,GHCND:ASN00009605,",,a,",0.0
2020-05-01T00:00:00,PRCP,GHCND:ASN00009607,",,a,",0.0
2020-05-01T00:00:00,PRCP,GHCND:ASN00009609,",,a,",0.0
2020-05-01T00:00:00,PRCP,GHCND:ASN00009611,",,a,",0.0
2020-05-01T00:00:00,PRCP,GHCND:ASN00009613,",,a,",0.0
2020-05-01T00:00:00,PRCP,GHCND:ASN00009615,",,a,",0.0
2020-05-01T00:00:00,PRCP,GHCND:ASN00009616,",,a,",0.0
2020-05-01T00:00:00,TMAX,GHCND:ASN00009617,",,a,",21.6
2020-05-01T00:00:00,TMIN,GHCND:ASN00009617,",,a,",5.4
2020-05-01T00:00:00,PRCP,GHCND:ASN00009619,",,a,",0.0
2020-05-01T00:00:00,PRCP,GHCND:ASN00009621,",,a,",0.0
2020-05-01T00:00:00,PRCP,GHCND:ASN00009625,",,a,",0.0
2020-05-01T00:00:00,PRCP,GHCND:ASN00009626,",,a,",0.0
2020-05-01T00:00:00,PRCP,GHCND:ASN00009628,",,a,",0.0
2020-05-01T00:00:00,PRCP,GHCND:ASN00009629,",,a,",0.0
2020-05-01T00:00:00,PRCP,GHCND:ASN00009631,",,a,",0.0
2020-05-01T00:00:00,PRCP,GHCND:ASN00009633,",,a,",0.0
2020-05-01T00:00:00,PRCP,GHCND:ASN00009635,",,a,",0.0
2020-05-01T00:00:00,PRCP,GHCND:ASN00009636,",,a,",0.0
2020-05-01T00:00:00,PRCP,GHCND:ASN00009642,",,a,",0.0
2020-05-01T00:00:00,PRCP,GHCND:ASN00009645,",,a,",0.0
2020-05-01T00:00:00,PRCP,GHCND:ASN00009647,",,a,",0.0
2020-05-01T00:00:00,PRCP,GHCND:ASN00009654,",,a,",0.0
2020-05-01T00:00:00,PRCP,GHCND:ASN00009661,",,a,",0.0
2020-05-01T00:00:00,PRCP,GHCND:ASN00009666,",,a,",0.0
2020-05-01T00:00:00,PRCP,GHCND:ASN00009668,",,a,",0.0
2020-05-01T00:00:00,PRCP,GHCND:ASN00009673,",,a,",0.0
2020-05-01T00:00:00,PRCP,GHCND:ASN00009678,",,a,",0.0
2020-05-01T00:00:00,PRCP,GHCND:ASN00009690,",,a,",0.0
2020-05-01T00:00:00,PRCP,GHCND:ASN00009692,",,a,",0.0
2020-05-01T00:00:00,PRCP,GHCND:ASN00009710,",,a,",0.0
2020-05-01T00:00:00,PRCP,GHCND:ASN00009714,",,a,",0.0
2020-05-01T00:00:00,PRCP,GHCND:ASN00009738,",,a,",0.0
2020-05-01T00:00:00,PRCP,GHCND:ASN00009739,",,a,",0.0
2020-05-01T00:00:00,PRCP,GHCND:ASN00009741,",,S,",0.0
2020-05-01T00:00:00,TAVG,GHCND:ASN00009741,"H,,S,",13.8
2020-05-01T00:00:00,TMAX,GHCND:ASN00009741,",,S,",21.2
2020-05-01T00:00:00,TMIN,GHCND:ASN00009741,",,S,",6.0
2020-05-01T00:00:00,PRCP,GHCND:ASN00009746,",,a,",0.0
2020-05-01T00:00:00,TMAX,GHCND:ASN00009746,",,a,",20.8
2020-05-01T00:00:00,TMIN,GHCND:ASN00009746,",,a,",4.7
2020-05-01T00:00:00,PRCP,GHCND:ASN00009752,",,a,",0.0
2020-05-01T00:00:00,PRCP,GHCND:ASN00009754,",,a,",0.0
2020-05-01T00:00:00,PRCP,GHCND:ASN00009766,",,a,",0.0
2020-05-01T00:00:00,PRCP,GHCND:ASN00009769,",,a,",0.0
2020-05-01T00:00:00,PRCP,GHCND:ASN00009771,",,a,",0.0
2020-05-01T00:00:00,PRCP,GHCND:ASN00009772,",,a,",0.0
2020-05-01T00:00:00,PRCP,GHCND:ASN00009776,",,a,",0.0
2020-05-01T00:00:00,PRCP,GHCND:ASN00009784,",,a,",0.0
